date,clones,unique_cloners
2026-05-19,null,null
2026-05-20,null,null
2026-05-21,null,null
2026-05-22,null,null
2026-05-23,null,null
2026-05-24,null,null
2026-05-25,null,null
2026-05-28,null,null
2026-05-29,null,null
2026-05-30,null,null
2026-05-31,null,null
2026-06-01,null,null
2026-06-02,null,null
2026-06-03,null,null
2026-06-04,null,null
2026-06-05,null,null
2026-06-06,null,null
2026-06-07,null,null
2026-06-08,null,null
2026-06-09,null,null
2026-06-10,null,null
2026-06-11,null,null
2026-06-12,null,null
2026-06-13,null,null
2026-06-14,null,null
2026-06-15,null,null
2026-06-16,null,null
2026-06-17,null,null
2026-06-18,null,null
2026-06-19,null,null
2026-06-20,null,null
2026-06-21,null,null
